lambda,cost,risk
0.0,27.269741100472004,30.94089236011156
0.2,27.67225246435826,26.382450386381187
0.5,27.672252469853973,26.382450370948668
1.0,27.672252530607434,26.382450390679356
2.0,29.240214714102454,25.521182490241237
